word,cefr_level,difficulty_level
absorb,B2,6.6
abstract,B2,6.4
accent,B2,6.4
accidentally,B2,6.4
accommodate,B2,6.5
accomplish,B2,5.5
accountant,B2,5.7
accurate,B2,5.2
acid,B2,6.3
acre,B2,6.5
activate,B2,6.7
addiction,B2,6.4
adequate,B2,6.5
adjust,B2,6.5
affordable,B2,5.4
aged,B2,6.2
agriculture,B2,6.3
AIDS,B2,6.4
alien,B2,6.3
alongside,B2,5.2
altogether,B2,6.5
ambitious,B2,5.5
ambulance,B2,5.5
amusing,B2,6.7
analyst,B2,6.5
ancestor,B2,5.9
animation,B2,6.4
annual,B2,6.0
anticipate,B2,6.7
anxiety,B2,5.3
apology,B2,6.5
applicant,B2,5.8
appropriate,B2,6.1
arrow,B2,5.4
artwork,B2,5.5
asset,B2,5.4
assign,B2,6.7
assistance,B2,5.2
assumption,B2,6.5
assure,B2,6.5
astonishing,B2,6.7
athletic,B2,6.5
attachment,B2,6.6
audio,B2,6.2
awareness,B2,5.3
awkward,B2,6.3
badge,B2,6.5
balanced,B2,6.4
ballet,B2,5.5
balloon,B2,6.6
barely,B2,5.2
bargain,B2,6.5
basement,B2,5.4
basket,B2,6.5
bat,B2,6.3
beneficial,B2,5.5
beside,B2,5.4
besides,B2,5.2
bias,B2,6.4
bid,B2,6.3
biological,B2,5.3
blanket,B2,6.5
blow,B2,6.2
bold,B2,6.4
bombing,B2,6.5
boost,B2,6.3
bound,B2,6.2
brick,B2,5.4
brief,B2,6.2
broadcaster,B2,5.7
broad,B2,6.2
buck,B2,6.5
bug,B2,6.4
cabin,B2,6.4
canal,B2,6.4
candle,B2,6.6
carbon,B2,6.2
castle,B2,6.3
casual,B2,6.4
cave,B2,6.4
certain,B2,5.8
certificate,B2,6.3
challenging,B2,6.4
championship,B2,6.2
charming,B2,6.5
chase,B2,6.3
cheek,B2,6.5
cheer,B2,6.5
chop,B2,6.7
circuit,B2,6.2
civilization,B2,6.5
clarify,B2,5.6
classify,B2,6.9
cliff,B2,5.5
clinic,B2,6.4
clip,B2,6.4
coincidence,B2,6.5
collector,B2,6.6
colony,B2,6.5
colorful,B2,6.6
comic,B2,6.3
commander,B2,6.2
comparative,B2,6.7
complete,B2,5.9
compose,B2,6.8
composer,B2,5.7
compound,B2,6.4
comprehensive,B2,6.3
comprise,B2,6.7
compulsory,B2,5.8
concrete,B2,6.3
confess,B2,6.6
confusion,B2,6.4
consequently,B2,5.5
conservation,B2,6.3
considerable,B2,5.4
consistent,B2,6.2
conspiracy,B2,6.4
consult,B2,6.6
consultant,B2,5.5
consumption,B2,6.3
controversial,B2,5.4
controversy,B2,5.4
convenience,B2,6.5
convention,B2,6.2
conventional,B2,6.4
convey,B2,6.6
convincing,B2,5.5
cop,B2,6.3
cope,B2,6.5
corporation,B2,5.2
corridor,B2,5.6
counter,B2,6.2
coverage,B2,6.2
cowboy,B2,6.6
crack,B2,6.3
craft,B2,6.3
creative,B2,5.2
critical,B2,6.0
cruise,B2,6.4
cue,B2,6.7
curious,B2,6.3
curriculum,B2,5.5
cute,B2,5.1
dairy,B2,5.5
dare,B2,6.3
darkness,B2,6.3
database,B2,5.3
deadline,B2,5.5
deadly,B2,6.4
dealer,B2,6.4
deck,B2,6.3
defender,B2,5.5
delete,B2,6.4
delighted,B2,6.5
democracy,B2,6.2
democratic,B2,6.1
demonstration,B2,6.5
depart,B2,6.7
dependent,B2,6.3
deposit,B2,6.4
depression,B2,6.2
derive,B2,6.8
desperate,B2,6.3
destruction,B2,6.3
determination,B2,6.4
devote,B2,6.8
differ,B2,5.5
dime,B2,5.7
disability,B2,5.4
disabled,B2,6.3
disagree,B2,5.5
disappoint,B2,5.8
discourage,B2,6.8
disorder,B2,6.3
distant,B2,6.4
distinct,B2,6.3
distinguish,B2,6.6
distract,B2,5.7
disturb,B2,6.8
dive,B2,6.5
diverse,B2,5.4
diversity,B2,5.3
divorce,B2,6.3
dominant,B2,6.4
donation,B2,5.5
dot,B2,6.5
dramatic,B2,6.3
drought,B2,5.6
dull,B2,6.5
dump,B2,6.5
duration,B2,6.4
dynamic,B2,6.3
eager,B2,5.5
economics,B2,5.2
economist,B2,5.6
editorial,B2,6.5
efficient,B2,5.3
elbow,B2,6.6
electronics,B2,5.4
elegant,B2,6.5
elementary,B2,6.3
eliminate,B2,6.4
embrace,B2,6.4
emission,B2,6.7
emotional,B2,6.1
empire,B2,6.2
enjoyable,B2,5.6
entertaining,B2,6.5
entrepreneur,B2,5.5
envelope,B2,6.6
equip,B2,5.8
equivalent,B2,6.2
era,B2,6.1
erupt,B2,7.1
essential,B2,6.2
ethic,B2,5.8
ethnic,B2,6.3
evaluation,B2,5.4
evident,B2,5.5
evolution,B2,5.3
evolve,B2,6.6
exceed,B2,6.6
exception,B2,6.3
excessive,B2,5.5
exclude,B2,6.6
exotic,B2,5.6
expansion,B2,6.2
expedition,B2,6.5
expertise,B2,5.5
exploit,B2,6.6
exposure,B2,6.3
extension,B2,6.2
extensive,B2,6.2
extract,B2,6.5
fabric,B2,5.5
fabulous,B2,6.5
faculty,B2,5.3
failed,B2,6.0
fake,B2,6.1
fame,B2,5.3
fantasy,B2,6.2
fare,B2,6.5
firefighter,B2,6.0
firework,B2,6.3
firm,B2,6.1
flavor,B2,6.5
fond,B2,6.6
fool,B2,6.3
forbid,B2,5.7
forecast,B2,6.5
format,B2,6.2
formation,B2,6.2
former,B2,5.8
fortunate,B2,6.5
forum,B2,5.3
fossil,B2,6.5
foundation,B2,6.0
founder,B2,6.2
fraction,B2,6.5
fragment,B2,6.8
framework,B2,6.3
fraud,B2,6.3
free,B2,5.6
frequent,B2,6.4
fulfill,B2,6.6
full-time,B2,4.7
fundamental,B2,6.3
furious,B2,6.5
gallon,B2,5.7
gaming,B2,5.3
gay,B2,6.0
gender,B2,5.2
gene,B2,5.3
genetic,B2,6.3
genius,B2,6.3
genuine,B2,6.3
gesture,B2,6.6
globalization,B2,5.9
globe,B2,6.3
golden,B2,6.1
goodness,B2,5.4
gorgeous,B2,5.3
graphic,B2,6.4
graphics,B2,6.4
great,B2,5.4
greenhouse,B2,5.6
guideline,B2,6.9
habitat,B2,5.6
harbor,B2,6.4
headquarters,B2,6.3
heal,B2,6.5
healthcare,B2,5.2
helmet,B2,5.5
hence,B2,6.3
herb,B2,5.7
hidden,B2,6.2
hilarious,B2,5.3
hip,B2,6.2
historian,B2,5.6
homeless,B2,6.4
honesty,B2,5.5
honey,B2,6.3
hook,B2,6.3
hopeful,B2,6.6
hunger,B2,6.5
hypothesis,B2,6.6
icon,B2,6.4
identical,B2,6.4
illusion,B2,6.5
immigration,B2,5.2
immune,B2,6.4
implement,B2,6.4
implication,B2,6.8
incentive,B2,5.5
incorporate,B2,6.6
incorrect,B2,6.5
independence,B2,6.2
index,B2,6.2
indication,B2,6.5
inevitable,B2,6.5
infer,B2,7.0
inflation,B2,6.4
info,B2,5.1
infrastructure,B2,5.2
inhabitant,B2,6.4
inherit,B2,6.8
ink,B2,6.5
innovation,B2,6.3
innovative,B2,5.5
input,B2,6.3
insert,B2,6.5
inspector,B2,5.4
installation,B2,6.4
instant,B2,6.3
integrate,B2,6.7
intellectual,B2,6.3
interact,B2,5.5
interpretation,B2,6.4
interval,B2,6.7
invade,B2,6.7
invasion,B2,6.4
investor,B2,5.6
isolate,B2,6.7
jail,B2,5.2
jet,B2,6.3
joint,B2,6.1
journalism,B2,5.5
jury,B2,5.2
kindergarten,B2,5.7
kit,B2,6.3
ladder,B2,6.5
landing,B2,6.3
lane,B2,5.2
lately,B2,5.2
legend,B2,5.3
lens,B2,6.4
lifetime,B2,5.3
lighting,B2,6.3
likewise,B2,6.5
limitation,B2,6.7
literal,B2,6.7
literary,B2,6.3
litter,B2,6.7
logo,B2,5.3
lottery,B2,5.5
loyal,B2,6.4
lyric,B2,6.7
makeup,B2,6.3
making,B2,5.6
manufacture,B2,6.5
marathon,B2,6.4
margin,B2,6.4
marker,B2,6.6
martial,B2,6.5
mate,B2,6.2
mechanic,B2,6.6
mechanical,B2,6.3
mechanism,B2,6.4
medal,B2,5.3
medication,B2,5.4
membership,B2,5.2
memorable,B2,5.6
metaphor,B2,5.7
miner,B2,5.8
miserable,B2,6.5
mode,B2,6.2
modest,B2,6.5
monster,B2,6.2
monthly,B2,6.2
monument,B2,6.6
moreover,B2,5.4
mortgage,B2,5.3
mosque,B2,5.6
mosquito,B2,5.8
motion,B2,6.2
motivate,B2,5.8
moving,B2,5.9
myth,B2,5.5
naked,B2,6.3
nasty,B2,6.4
navigation,B2,6.5
nearby,B2,5.2
necessity,B2,5.6
negotiate,B2,5.5
neutral,B2,6.4
new,B2,5.2
nickel,B2,6.6
norm,B2,5.5
notebook,B2,5.7
novelist,B2,5.8
nowadays,B2,5.5
nursing,B2,6.3
nutrition,B2,6.5
obesity,B2,5.7
observer,B2,5.6
obstacle,B2,5.7
occupation,B2,6.4
occupy,B2,6.5
offender,B2,5.8
ongoing,B2,5.3
open,B2,5.7
opera,B2,6.4
operator,B2,6.3
optimistic,B2,5.6
orchestra,B2,5.5
organic,B2,6.3
outfit,B2,6.4
output,B2,6.3
outstanding,B2,6.2
overcome,B2,6.4
overnight,B2,6.4
ownership,B2,6.3
oxygen,B2,5.4
packet,B2,6.7
palm,B2,6.4
panic,B2,6.4
parade,B2,6.4
parallel,B2,6.4
participation,B2,5.3
partnership,B2,6.2
part-time,B2,4.6
passionate,B2,5.5
password,B2,5.5
patch,B2,6.4
patience,B2,5.4
pause,B2,6.5
peer,B2,6.4
penalty,B2,6.3
perceive,B2,5.7
perception,B2,6.4
permanent,B2,6.2
pharmacy,B2,5.6
physician,B2,5.4
pill,B2,6.5
pity,B2,6.5
placement,B2,6.5
portion,B2,6.2
potential,B2,5.9
precede,B2,7.2
precious,B2,6.3
precise,B2,5.4
predictable,B2,5.7
preference,B2,6.5
presidential,B2,5.2
pride,B2,6.2
primary,B2,6.0
prior,B2,5.0
probability,B2,5.5
probable,B2,6.6
proceed,B2,6.4
programming,B2,6.3
progressive,B2,6.3
prohibit,B2,5.9
promising,B2,6.5
promotion,B2,6.3
prompt,B2,6.6
proportion,B2,6.5
protein,B2,5.2
protester,B2,6.0
psychological,B2,5.4
publicity,B2,5.5
publishing,B2,6.3
punk,B2,6.4
pure,B2,6.2
pursuit,B2,6.5
puzzle,B2,6.5
questionnaire,B2,5.9
racial,B2,5.3
racism,B2,5.4
racist,B2,6.3
radiation,B2,6.4
rail,B2,6.3
random,B2,5.1
rat,B2,6.4
rating,B2,6.3
reasonable,B2,6.2
rebuild,B2,5.6
receiver,B2,6.5
recession,B2,6.6
reckon,B2,6.7
recognition,B2,6.2
recovery,B2,6.2
recruit,B2,6.6
referee,B2,6.6
refugee,B2,5.6
registration,B2,6.3
regulate,B2,6.6
reinforce,B2,5.7
relieve,B2,6.7
remarkable,B2,5.3
rental,B2,6.5
reporting,B2,6.2
resign,B2,6.5
resolution,B2,6.2
restore,B2,6.4
restrict,B2,6.6
résumé,B2,6.4
retail,B2,6.2
retirement,B2,6.2
revenue,B2,5.2
revision,B2,6.6
ridiculous,B2,6.2
risky,B2,5.5
rival,B2,6.4
rob,B2,5.3
rocket,B2,6.3
romance,B2,6.3
rose,B2,6.0
rough,B2,6.2
ruin,B2,6.3
satisfaction,B2,6.4
scandal,B2,5.4
scare,B2,6.5
scenario,B2,6.4
scholar,B2,6.5
scholarship,B2,5.4
scratch,B2,6.4
screening,B2,6.4
seeker,B2,5.8
seminar,B2,5.7
settler,B2,7.0
severe,B2,6.2
sexy,B2,5.3
shaped,B2,6.3
shocking,B2,6.5
shore,B2,6.3
shortage,B2,5.6
short,B2,5.8
short-term,B2,4.8
sibling,B2,5.8
sidewalk,B2,5.8
signature,B2,6.4
significance,B2,6.4
skilled,B2,5.5
skull,B2,5.5
slogan,B2,5.7
so-called,B2,4.4
somehow,B2,5.2
sometime,B2,5.4
sophisticated,B2,6.5
spare,B2,6.3
specialize,B2,6.9
specify,B2,6.6
spectacular,B2,6.5
spectator,B2,5.8
speculate,B2,6.8
spice,B2,6.5
spill,B2,6.6
spite,B2,6.5
spoil,B2,6.6
spokesperson,B2,5.8
sponsorship,B2,5.7
stall,B2,6.6
stance,B2,5.5
starve,B2,6.8
steady,B2,6.3
steam,B2,6.2
stimulate,B2,6.7
strengthen,B2,6.5
strict,B2,6.4
stroke,B2,6.4
stunning,B2,6.4
subsequent,B2,5.3
suburb,B2,5.7
suffering,B2,6.2
sufficient,B2,5.3
super,B2,5.9
surgeon,B2,5.5
survival,B2,6.3
survivor,B2,6.5
suspend,B2,6.7
sustainable,B2,5.4
swallow,B2,6.6
sympathetic,B2,6.6
tackle,B2,6.4
tag,B2,6.3
tap,B2,6.3
technological,B2,5.5
teen,B2,5.3
temple,B2,6.3
temporary,B2,6.2
tendency,B2,6.5
tension,B2,6.4
terminal,B2,6.3
terms,B2,5.9
terrible,B2,6.1
terrify,B2,6.4
territory,B2,6.2
terror,B2,6.4
terrorism,B2,5.4
terrorist,B2,5.3
testing,B2,6.1
textbook,B2,5.7
theft,B2,5.5
therapist,B2,5.6
thesis,B2,5.5
thorough,B2,5.5
thumb,B2,6.5
timing,B2,6.3
tissue,B2,6.3
tournament,B2,5.2
trace,B2,6.4
trading,B2,6.2
tragedy,B2,5.4
tragic,B2,5.5
trait,B2,5.8
transmit,B2,6.7
trap,B2,6.3
treasure,B2,6.4
tribe,B2,6.5
trigger,B2,6.4
trillion,B2,6.6
troop,B2,6.7
tsunami,B2,5.9
ultimate,B2,6.2
unacceptable,B2,6.6
uncertainty,B2,5.5
undergo,B2,5.7
undertake,B2,6.7
unfold,B2,6.8
unfortunate,B2,6.5
unite,B2,6.6
unity,B2,6.4
universal,B2,6.2
urgent,B2,5.4
usage,B2,6.4
useless,B2,5.4
valid,B2,5.3
variation,B2,6.5
vertical,B2,6.4
viewpoint,B2,5.7
visa,B2,6.4
visible,B2,6.3
voluntary,B2,6.5
voting,B2,6.2
wander,B2,6.7
warming,B2,6.5
weekly,B2,6.2
weird,B2,6.0
welfare,B2,6.3
wheat,B2,6.5
whoever,B2,5.2
widespread,B2,5.4
wisdom,B2,6.3
withdraw,B2,6.5
wolf,B2,6.3
workforce,B2,5.6
workplace,B2,5.5
workshop,B2,5.4
worm,B2,6.7
wrist,B2,5.5
abolish,C1,6.7
abortion,C1,6.0
absence,C1,6.9
absurd,C1,7.1
abuse,C1,6.7
academy,C1,6.8
accelerate,C1,6.3
acceptance,C1,7.0
accessible,C1,7.0
accomplishment,C1,6.3
accord,C1,7.2
accountability,C1,6.4
accountable,C1,6.4
accumulate,C1,6.4
accusation,C1,6.3
accused,C1,6.8
acid,C1,6.9
acquisition,C1,7.0
activation,C1,7.2
activist,C1,6.0
acute,C1,7.1
adaptation,C1,7.1
adhere,C1,7.4
adjacent,C1,7.0
adjustment,C1,7.2
administer,C1,7.4
administrative,C1,6.0
administrator,C1,7.1
admission,C1,7.0
adolescent,C1,7.3
adoption,C1,7.0
adverse,C1,6.2
advocate,C1,7.0
aesthetic,C1,7.1
affection,C1,6.4
aftermath,C1,6.2
aggression,C1,7.2
agricultural,C1,5.9
aide,C1,6.3
alert,C1,6.9
alien,C1,7.0
align,C1,7.3
alike,C1,7.0
allegation,C1,6.4
allege,C1,6.9
alliance,C1,6.9
allocate,C1,6.8
allowance,C1,7.2
ally,C1,7.1
aluminum,C1,6.3
amateur,C1,7.0
ambassador,C1,5.9
amend,C1,7.4
amendment,C1,5.9
amid,C1,6.4
analogy,C1,7.3
anchor,C1,7.1
angel,C1,6.9
anonymous,C1,6.0
apparatus,C1,6.2
apparel,C1,6.3
appealing,C1,7.1
appetite,C1,6.4
applaud,C1,6.4
applicable,C1,6.2
appoint,C1,7.3
appreciation,C1,7.0
arbitrary,C1,6.5
architectural,C1,6.4
archive,C1,6.1
arena,C1,6.9
arm,C1,6.7
array,C1,7.1
articulate,C1,7.4
ash,C1,7.0
aspiration,C1,7.5
aspire,C1,6.7
assassination,C1,6.2
assault,C1,6.9
assemble,C1,7.3
assert,C1,7.3
assurance,C1,7.2
asylum,C1,6.1
atrocity,C1,6.7
attain,C1,7.3
attendance,C1,7.0
attribute,C1,7.2
auction,C1,7.0
audit,C1,7.1
authentic,C1,6.1
authorize,C1,6.5
auto,C1,6.0
autonomy,C1,6.2
autumn,C1,6.2
availability,C1,6.2
await,C1,6.6
backdrop,C1,6.6
backing,C1,7.0
backup,C1,7.0
bail,C1,7.1
ballot,C1,7.1
bankruptcy,C1,7.0
banner,C1,7.0
bare,C1,7.0
barrel,C1,7.0
bass,C1,7.0
bat,C1,6.9
battlefield,C1,6.4
bay,C1,6.7
beam,C1,7.0
beast,C1,6.0
behalf,C1,5.9
behavioral,C1,6.4
beloved,C1,6.0
bench,C1,6.9
benchmark,C1,6.3
beneath,C1,6.2
beneficiary,C1,7.5
betray,C1,7.5
beverage,C1,6.6
bind,C1,7.3
biography,C1,6.4
bishop,C1,6.9
bizarre,C1,6.3
blade,C1,7.0
blast,C1,6.9
bleed,C1,7.3
blend,C1,7.1
bless,C1,7.0
blessing,C1,7.1
boast,C1,7.4
bonus,C1,5.9
booking,C1,7.2
boom,C1,6.9
bounce,C1,7.1
boundary,C1,7.0
bow,C1,6.9
breach,C1,7.0
breakdown,C1,7.1
breakthrough,C1,7.2
breed,C1,7.1
broadband,C1,6.3
browser,C1,6.2
brutal,C1,7.1
buddy,C1,6.1
buffer,C1,7.2
bulk,C1,7.0
burden,C1,7.0
bureaucracy,C1,7.4
burial,C1,6.2
burst,C1,7.0
cabinet,C1,6.8
calculation,C1,7.2
canvas,C1,7.1
capability,C1,7.1
capitalism,C1,6.4
capitalist,C1,7.2
cargo,C1,6.2
carriage,C1,7.2
carve,C1,7.5
casino,C1,6.0
casualty,C1,7.3
catalog,C1,7.2
cater,C1,6.4
cattle,C1,6.2
caution,C1,7.1
cautious,C1,7.2
cease,C1,7.1
cemetery,C1,6.3
chamber,C1,6.8
chaos,C1,7.0
characterize,C1,6.5
charm,C1,7.0
charter,C1,7.0
choir,C1,7.2
chronic,C1,7.0
chunk,C1,7.3
circulate,C1,7.6
citizenship,C1,6.1
civic,C1,6.1
civilian,C1,6.0
clarity,C1,6.2
clash,C1,7.1
classification,C1,7.0
cling,C1,7.4
clinical,C1,5.8
closure,C1,7.0
cluster,C1,7.1
coalition,C1,7.0
coastal,C1,6.0
cocktail,C1,6.2
cognitive,C1,6.3
coincide,C1,7.4
collaborate,C1,6.4
collective,C1,6.9
collision,C1,7.1
colonial,C1,7.0
columnist,C1,6.6
combat,C1,6.8
commence,C1,7.3
commentary,C1,6.2
commentator,C1,6.3
commerce,C1,6.9
commissioner,C1,5.9
commodity,C1,6.4
communist,C1,6.9
companion,C1,7.0
comparable,C1,6.1
compassion,C1,6.1
compel,C1,6.5
compelling,C1,7.1
compensate,C1,7.2
competence,C1,6.6
competent,C1,7.2
compile,C1,7.5
complement,C1,7.2
complexity,C1,6.3
compliance,C1,7.0
complication,C1,7.5
comply,C1,6.3
composition,C1,6.9
compromise,C1,7.0
compute,C1,6.8
conceal,C1,6.4
concede,C1,7.4
conceive,C1,7.5
conception,C1,7.3
concession,C1,7.4
condemn,C1,7.3
confer,C1,6.6
confession,C1,7.2
configuration,C1,6.1
confine,C1,7.7
confirmation,C1,7.1
confront,C1,7.2
confrontation,C1,7.3
congratulate,C1,7.3
congregation,C1,7.2
congressional,C1,6.2
conquer,C1,7.2
conscience,C1,7.1
consciousness,C1,6.0
consecutive,C1,7.0
consensus,C1,6.3
consent,C1,5.9
conserve,C1,7.5
consistency,C1,7.1
consolidate,C1,7.4
constitute,C1,7.2
constitution,C1,6.8
constitutional,C1,6.9
constraint,C1,7.5
consultation,C1,7.1
contemplate,C1,7.5
contempt,C1,7.3
contend,C1,7.4
contender,C1,6.6
content,C1,6.5
contention,C1,7.3
continual,C1,6.5
contractor,C1,7.1
contradiction,C1,7.4
contrary,C1,7.0
contributor,C1,6.3
conversion,C1,7.0
convict,C1,7.4
conviction,C1,6.0
cooperate,C1,6.5
cooperative,C1,7.2
devastate,C1,6.9
devil,C1,6.9
devise,C1,7.6
diagnose,C1,6.5
dictate,C1,7.3
dictator,C1,7.3
differentiate,C1,7.3
dignity,C1,7.1
dilemma,C1,6.5
dimension,C1,7.1
diminish,C1,6.4
dip,C1,7.1
diplomat,C1,6.3
diplomatic,C1,6.0
directory,C1,6.2
disastrous,C1,6.6
discard,C1,7.5
discharge,C1,7.2
disclose,C1,6.2
discourse,C1,7.2
discretion,C1,7.2
discrimination,C1,5.9
dismissal,C1,7.3
displace,C1,7.7
disposal,C1,7.1
dispute,C1,7.0
disrupt,C1,7.3
dissolve,C1,7.4
distinction,C1,7.1
distinctive,C1,6.1
distort,C1,7.6
distress,C1,7.1
disturbing,C1,7.1
divert,C1,7.5
divine,C1,7.0
doctrine,C1,6.4
documentation,C1,7.1
domain,C1,6.9
dominance,C1,7.2
donor,C1,6.2
dose,C1,7.0
drain,C1,7.1
drift,C1,7.2
driving,C1,6.6
drown,C1,7.3
dual,C1,7.0
dub,C1,7.3
dumb,C1,6.8
duo,C1,7.1
dynamic,C1,6.9
earnings,C1,6.0
ease,C1,6.9
echo,C1,7.1
ecological,C1,6.2
educator,C1,6.7
effectiveness,C1,6.1
efficiency,C1,5.9
ego,C1,7.1
elaborate,C1,7.1
electoral,C1,6.0
elevate,C1,7.5
eligible,C1,6.1
elite,C1,5.9
embark,C1,7.5
embarrassment,C1,7.2
embassy,C1,6.0
embed,C1,6.7
embody,C1,7.6
emergence,C1,7.3
empirical,C1,6.3
empower,C1,6.4
enact,C1,6.4
encompass,C1,6.9
encouragement,C1,7.2
encouraging,C1,7.0
endeavor,C1,7.4
endless,C1,7.0
endorse,C1,7.3
endure,C1,7.2
enforce,C1,6.1
engagement,C1,6.9
engaging,C1,7.0
enrich,C1,6.5
enroll,C1,6.7
ensue,C1,7.1
enterprise,C1,6.9
enthusiast,C1,6.4
entitle,C1,7.8
entity,C1,6.3
epidemic,C1,6.2
equality,C1,6.0
equation,C1,7.1
erect,C1,7.4
escalate,C1,6.8
essence,C1,7.1
establishment,C1,6.9
eternal,C1,6.0
evacuate,C1,7.4
evoke,C1,7.5
evolutionary,C1,6.5
exaggerate,C1,6.6
excellence,C1,6.1
exceptional,C1,7.1
excess,C1,7.0
exclusion,C1,7.3
exclusive,C1,6.8
execute,C1,7.1
exert,C1,7.5
exile,C1,7.2
expenditure,C1,7.3
experimental,C1,7.0
expire,C1,7.4
explicit,C1,6.1
exploitation,C1,6.2
explosive,C1,7.1
extract,C1,7.1
extremist,C1,6.4
facilitate,C1,7.1
faction,C1,6.2
fade,C1,7.2
fairness,C1,7.2
fatal,C1,7.1
fate,C1,6.9
favorable,C1,7.2
feat,C1,6.3
felony,C1,6.5
feminist,C1,6.0
fiber,C1,7.1
fierce,C1,7.2
filmmaker,C1,6.6
filter,C1,7.0
fine,C1,6.4
firearm,C1,6.6
fiscal,C1,6.2
fit,C1,6.6
flaw,C1,7.3
flawed,C1,6.3
flee,C1,6.5
fleet,C1,6.9
flesh,C1,7.0
flexibility,C1,7.1
flourish,C1,7.4
fluid,C1,7.0
footage,C1,5.9
foreigner,C1,6.4
forge,C1,7.2
formula,C1,6.9
formulate,C1,7.5
forth,C1,6.9
forthcoming,C1,7.3
foster,C1,6.9
fragile,C1,7.2
franchise,C1,7.0
frankly,C1,6.3
freshman,C1,7.1
frustrate,C1,6.7
functional,C1,7.0
fundraising,C1,6.5
funeral,C1,6.1
gambling,C1,7.1
gathering,C1,7.0
gaze,C1,6.3
gear,C1,6.8
generic,C1,7.0
genocide,C1,6.4
gig,C1,7.1
glance,C1,7.2
glimpse,C1,7.2
glorious,C1,7.1
glory,C1,6.9
governance,C1,6.1
grace,C1,6.8
grasp,C1,7.1
grave,C1,6.9
gravity,C1,7.0
grid,C1,7.0
grief,C1,6.1
grin,C1,6.3
grind,C1,7.2
grip,C1,7.0
gross,C1,6.9
guerrilla,C1,6.8
guidance,C1,6.9
guilt,C1,6.0
gut,C1,7.1
hail,C1,7.2
halfway,C1,7.1
halt,C1,7.2
handful,C1,6.0
handling,C1,6.9
handy,C1,7.1
harassment,C1,6.1
hardware,C1,6.9
harmony,C1,7.0
harsh,C1,7.0
harvest,C1,7.1
hatred,C1,6.3
haunt,C1,7.4
hazard,C1,7.1
heighten,C1,7.8
heritage,C1,6.9
hierarchy,C1,6.2
high-profile,C1,5.8
hint,C1,7.1
homeland,C1,6.4
hook,C1,6.9
hopeful,C1,7.2
horizon,C1,7.1
horn,C1,7.0
hostage,C1,6.4
hostile,C1,7.1
hostility,C1,7.3
humanitarian,C1,7.2
humanity,C1,6.9
humble,C1,7.0
hydrogen,C1,6.4
identification,C1,7.0
ideological,C1,6.2
ideology,C1,6.1
idiot,C1,6.1
ignorance,C1,6.3
imagery,C1,6.5
immense,C1,6.4
imminent,C1,6.6
implementation,C1,5.9
imprison,C1,6.8
inability,C1,6.2
inadequate,C1,6.2
inappropriate,C1,6.1
incarcerate,C1,7.6
incidence,C1,6.3
inclined,C1,7.2
inclusion,C1,7.1
incur,C1,6.5
indicator,C1,7.2
indictment,C1,6.3
indigenous,C1,6.2
induce,C1,7.4
indulge,C1,7.4
inequality,C1,6.4
infamous,C1,6.5
infant,C1,6.3
infect,C1,7.5
inflict,C1,6.8
influential,C1,6.3
inherent,C1,6.2
inhibit,C1,7.5
initiate,C1,7.3
inject,C1,7.4
injustice,C1,6.2
inmate,C1,7.4
inquire,C1,7.5
insertion,C1,6.5
insider,C1,6.5
inspect,C1,7.3
inspiration,C1,6.9
instinct,C1,6.2
institutional,C1,6.1
instruct,C1,7.5
instrumental,C1,6.1
insufficient,C1,6.5
insult,C1,7.1
intact,C1,7.1
intake,C1,7.1
integral,C1,7.1
integrate,C1,7.3
integrity,C1,6.0
intellectual,C1,6.9
intensify,C1,7.6
intensity,C1,7.0
intensive,C1,7.1
intent,C1,7.0
interactive,C1,6.1
interface,C1,7.0
interfere,C1,6.2
interim,C1,6.1
interior,C1,6.8
intermediate,C1,7.1
intersection,C1,7.2
intervene,C1,7.3
intimate,C1,7.1
intriguing,C1,7.3
inventory,C1,7.0
investigator,C1,7.2
invisible,C1,6.1
invoke,C1,7.5
involvement,C1,6.9
ironic,C1,6.2
irony,C1,7.2
irrelevant,C1,6.4
isolation,C1,7.1
judicial,C1,7.0
jurisdiction,C1,6.1
just,C1,5.7
justification,C1,7.2
keen,C1,7.0
kidnap,C1,6.7
kidney,C1,6.3
kingdom,C1,6.8
landlord,C1,6.4
landmark,C1,7.2
lap,C1,7.0
large-scale,C1,5.7
laser,C1,6.2
latter,C1,5.8
lawmaker,C1,7.0
lawn,C1,6.4
lawsuit,C1,6.3
layout,C1,6.1
leak,C1,7.1
leap,C1,7.2
legacy,C1,6.1
legendary,C1,6.0
legislation,C1,5.8
legislative,C1,5.9
legislature,C1,6.2
legitimate,C1,7.0
lengthy,C1,6.5
lesbian,C1,7.0
lesser,C1,7.0
lethal,C1,6.4
liable,C1,7.2
liberal,C1,6.7
liberation,C1,7.2
liberty,C1,6.9
lifelong,C1,6.5
likelihood,C1,6.4
limb,C1,7.3
linear,C1,7.0
lineup,C1,6.1
linger,C1,7.5
listing,C1,6.9
liter,C1,6.7
literacy,C1,6.4
liver,C1,7.0
lobby,C1,7.1
log,C1,6.9
logic,C1,6.9
long-standing,C1,5.8
longtime,C1,6.5
loom,C1,7.5
loop,C1,7.0
loyalty,C1,7.0
machinery,C1,6.1
magical,C1,6.2
magnetic,C1,7.0
magnificent,C1,6.3
magnitude,C1,7.1
mainland,C1,6.4
mainstream,C1,6.2
maintenance,C1,6.8
mandate,C1,7.1
mandatory,C1,7.0
manifest,C1,7.3
manipulate,C1,7.3
manuscript,C1,6.2
march,C1,6.4
marginal,C1,7.3
marine,C1,6.8
marketplace,C1,6.2
mask,C1,6.9
massacre,C1,6.2
mathematical,C1,7.1
mature,C1,7.0
maximize,C1,6.3
meaningful,C1,6.2
meantime,C1,6.1
medieval,C1,7.1
meditation,C1,6.1
melody,C1,6.2
memo,C1,6.5
memoir,C1,6.2
memorial,C1,6.9
mentor,C1,6.2
merchant,C1,6.3
mercy,C1,7.0
mere,C1,7.0
merge,C1,7.3
merger,C1,6.1
merit,C1,7.1
methodology,C1,6.2
midst,C1,6.4
migration,C1,7.0
militant,C1,7.3
militia,C1,6.2
mill,C1,6.9
minimal,C1,6.3
minimize,C1,7.2
mining,C1,6.8
ministry,C1,6.8
minute,C1,6.5
miracle,C1,6.0
misery,C1,6.2
misleading,C1,7.2
missile,C1,6.0
mob,C1,7.1
mobile,C1,6.6
mobility,C1,6.3
mobilize,C1,7.6
moderate,C1,7.0
modification,C1,7.2
module,C1,7.2
momentum,C1,6.1
monk,C1,6.2
monopoly,C1,7.2
morality,C1,6.2
motive,C1,7.2
municipal,C1,6.0
mutual,C1,6.0
namely,C1,6.3
nationwide,C1,6.1
naval,C1,6.2
neglect,C1,7.2
neighboring,C1,7.2
nest,C1,7.1
net,C1,6.7
newsletter,C1,6.5
niche,C1,7.2
noble,C1,7.0
nod,C1,7.3
nominate,C1,7.4
nominee,C1,6.4
nonetheless,C1,6.3
nonprofit,C1,6.2
nonsense,C1,7.0
noon,C1,6.3
notable,C1,7.1
notify,C1,6.5
notorious,C1,6.5
novel,C1,6.8
nursery,C1,6.2
objection,C1,7.2
oblige,C1,7.6
obsess,C1,6.7
occasional,C1,7.0
occurrence,C1,6.2
odds,C1,6.0
offering,C1,6.8
offspring,C1,7.2
operational,C1,7.0
opt,C1,6.4
optical,C1,7.1
optimism,C1,6.3
oral,C1,7.0
organizational,C1,6.5
profitable,C1,6.3
profound,C1,7.2
prominent,C1,5.9
propaganda,C1,6.2
proposition,C1,7.2
prosecute,C1,7.4
prospective,C1,6.4
prosperity,C1,6.2
protocol,C1,7.0
provincial,C1,7.1
provision,C1,7.0
provoke,C1,7.4
psychiatric,C1,6.4
query,C1,6.3
quota,C1,7.4
radical,C1,6.9
rally,C1,6.9
rational,C1,7.1
realm,C1,7.1
reassure,C1,6.5
rebel,C1,7.1
recipient,C1,6.2
referendum,C1,6.4
reform,C1,6.8
refuge,C1,7.2
regime,C1,5.9
rehabilitate,C1,7.7
reign,C1,7.1
reluctant,C1,7.2
remedy,C1,7.2
render,C1,7.2
renowned,C1,6.4
reproduce,C1,7.3
reside,C1,7.3
residue,C1,6.4
resignation,C1,7.1
restraint,C1,7.3
resume,C1,7.0
retrieve,C1,7.3
revelation,C1,7.1
revive,C1,7.3
rhetoric,C1,7.1
ritual,C1,7.1
robust,C1,7.2
sacred,C1,7.0
sanction,C1,7.4
scrutiny,C1,6.3
secular,C1,7.1
segment,C1,7.0
seize,C1,7.2
seldom,C1,6.6
sentiment,C1,6.1
shatter,C1,7.6
sheer,C1,7.1
shrink,C1,7.3
simulate,C1,7.4
simultaneously,C1,6.2
skeptical,C1,6.3
solidarity,C1,6.4
sovereignty,C1,7.2
span,C1,7.1
specification,C1,7.3
specimen,C1,6.3
spectrum,C1,6.0
sphere,C1,7.2
stark,C1,7.1
statistically,C1,6.6
steer,C1,7.3
stereotype,C1,6.4
stimulus,C1,6.5
straightforward,C1,7.2
strain,C1,7.0
strategic,C1,5.9
striking,C1,7.0
strive,C1,6.3
subsequent,C1,6.1
subsidy,C1,6.7
substantial,C1,6.9
substitute,C1,7.0
subtle,C1,7.1
succession,C1,7.1
sue,C1,6.0
summit,C1,6.9
superb,C1,6.1
superior,C1,6.8
supervise,C1,6.5
supplement,C1,7.1
suppress,C1,7.3
supreme,C1,6.7
surge,C1,7.2
surplus,C1,6.2
surrender,C1,7.1
surveillance,C1,6.2
sustain,C1,7.2
symbolic,C1,7.2
syndrome,C1,6.0
synthesis,C1,7.2
systematic,C1,6.2
tackle,C1,7.0
tactic,C1,6.5
tenant,C1,7.2
tender,C1,7.1
tenure,C1,7.2
terminal,C1,6.9
terminate,C1,7.3
terrain,C1,6.4
testify,C1,6.2
texture,C1,7.2
theoretical,C1,6.1
thereafter,C1,6.4
thereby,C1,6.3
thoughtful,C1,7.2
threshold,C1,7.1
thrive,C1,6.3
tolerance,C1,7.1
toll,C1,7.1
toxic,C1,6.2
transaction,C1,6.2
transcript,C1,6.3
transformation,C1,7.0
transit,C1,7.0
transmission,C1,6.9
transparency,C1,7.2
trauma,C1,6.0
treaty,C1,6.1
tremendous,C1,7.1
tribute,C1,7.0
trigger,C1,7.0
triumph,C1,7.1
trustee,C1,6.3
tuition,C1,6.1
turnover,C1,7.2
unconstitutional,C1,6.6
underlying,C1,7.0
undermine,C1,6.3
unify,C1,7.7
unprecedented,C1,6.5
unveil,C1,7.6
uphold,C1,7.4
utility,C1,7.0
utilize,C1,6.3
utterly,C1,6.3
vague,C1,7.2
validity,C1,7.3
variable,C1,7.0
venture,C1,7.0
verbal,C1,7.2
verdict,C1,6.3
verify,C1,7.2
viable,C1,6.1
vibrant,C1,7.3
vicious,C1,7.2
violate,C1,7.3
virtue,C1,7.2
vocal,C1,7.0
vow,C1,7.4
vulnerable,C1,7.0
warrant,C1,7.0
whereby,C1,6.5
wholly,C1,6.5
wit,C1,7.1
withdrawal,C1,7.1
worthwhile,C1,6.5
yield,C1,7.0
